URL,Label
https://www.cisco.com,safe
https://www.oracle.com,safe
https://www.ibm.com,safe
https://archive.ics.uci.edu,safe
https://www.kaggle.com,safe
https://www.python.org,safe
https://developer.mozilla.org,safe
https://support.microsoft.com,safe
https://accounts.google.com,safe
https://mail.google.com,safe
http://bank-alert-update-your-details-now.com,phishing
http://secure-account-validation-process.xyz,phishing
http://suspicious-activity-detected-login-update.com,phishing
http://login-verification-needed-immediately.net,phishing
http://verify-your-identity-secure-update.com,phishing
http://account-activity-warning-check-now.xyz,phishing
http://confirm-email-address-now-update.com,phishing
http://banking-security-authentication-check.net,phishing
http://gift-card-redeem-now-alert.com,phishing
http://free-money-win-prize-now-fast.com,phishing
http://login-now-to-avoid-account-block.com,phishing
http://security-check-update-required-immediately.com,phishing
http://credit-card-verification-alert-now.com,phishing
http://verify-identity-update-process.net,phishing
http://account-suspended-click-here-now.com,phishing
http://urgent-login-verification-required.xyz,phishing
http://bank-details-confirmation-update.com,phishing
http://google-account-recovery-alert.net,phishing
http://paypal-alert-confirm-account-now.com,phishing
http://login-secure-check-now-update.com,phishing
http://secure-update-verification-process.com,phishing
http://customer-support-alert-login-update.net,phishing
http://password-reset-required-immediately.com,phishing
http://free-coupon-win-giftcard.com,phishing
http://limited-time-offer-claim-now.net,phishing
http://account-authentication-required-now.com,phishing
http://banking-verification-process-alert.xyz,phishing
http://important-account-update-required.com,phishing
http://security-warning-login-update.net,phishing
http://claim-your-prize-now-fast.com,phishing
http://verify-payment-information-now.co,phishing
http://your-account-has-been-locked-now.com,phishing
http://bank-secure-update-login-now.info,phishing
http://amazon.com.free-offer-alert.ru,phishing
http://facebook.com.security-check-alert.xyz,phishing
http://google.com.verify-user-login.net,phishing
http://paypal.secure-login-alert.com,phishing
http://172.16.0.1-update-info-security.com,phishing
http://10.0.0.1-verify-account-now.com,phishing
http://192.168.0.1-login-security.com,phishing
http://amazon-prime-renew-now-alert.com,phishing
http://github-login-verification-alert.com,phishing
http://twitter-security-update-check.com,phishing
http://youtube-verify-channel-now.com,phishing
http://flipkart-offer-free-gift-card.com,phishing
http://linkedin-account-warning-login.net,phishing
http://microsoft-support-update-alert.com,phishing
http://apple-id-confirmation-security.com,phishing
http://netflix-account-suspended-alert.com,phishing
http://confirm-your-bank-details-now.co,phishing
http://login-facebook-security-check.com,phishing
http://paypal-account-verification-alert.ru,phishing
http://update-your-password-now.xyz,phishing
http://free-gift-card-win-now.com,phishing
http://bankofindia-secure-login-update.info,phishing
http://instagram-account-verify-now.com,phishing
http://facebook-security-check-alert.com,phishing
http://amazon.verify-account-security.net,phishing
http://secure-paypal-login-update.com,phishing
http://google-login-support-alert.com,phishing
https://www.yahoo.com,safe
https://www.bing.com,safe
https://www.quora.com,safe
https://www.snapchat.com,safe
https://www.paypal.com,safe
https://www.netflix.com,safe
https://www.reddit.com,safe
https://www.wikipedia.org,safe
https://www.stackoverflow.com,safe
https://www.github.com,safe
https://www.apple.com,safe
https://www.microsoft.com,safe
https://www.flipkart.com,safe
https://www.amazon.in,safe
https://www.linkedin.com,safe
https://www.twitter.com,safe
https://www.instagram.com,safe
https://www.facebook.com,safe
https://www.youtube.com,safe
https://www.google.com,safe
www.youtube.com,safe
madhura-gauri.anusha@sharvari.com,phishing
https://www.cisco.com,safe
https://www.oracle.com,safe
https://www.ibm.com,safe
https://archive.ics.uci.edu,safe
https://www.kaggle.com,safe
https://www.python.org,safe
https://developer.mozilla.org,safe
https://support.microsoft.com,safe
https://accounts.google.com,safe
https://mail.google.com,safe
http://bank-alert-update-your-details-now.com,phishing
http://secure-account-validation-process.xyz,phishing
http://suspicious-activity-detected-login-update.com,phishing
http://login-verification-needed-immediately.net,phishing
http://verify-your-identity-secure-update.com,phishing
http://account-activity-warning-check-now.xyz,phishing
http://confirm-email-address-now-update.com,phishing
http://banking-security-authentication-check.net,phishing
http://gift-card-redeem-now-alert.com,phishing
http://free-money-win-prize-now-fast.com,phishing
http://login-now-to-avoid-account-block.com,phishing
http://security-check-update-required-immediately.com,phishing
http://credit-card-verification-alert-now.com,phishing
http://verify-identity-update-process.net,phishing
http://account-suspended-click-here-now.com,phishing
http://urgent-login-verification-required.xyz,phishing
http://bank-details-confirmation-update.com,phishing
http://google-account-recovery-alert.net,phishing
http://paypal-alert-confirm-account-now.com,phishing
http://login-secure-check-now-update.com,phishing
http://secure-update-verification-process.com,phishing
http://customer-support-alert-login-update.net,phishing
http://password-reset-required-immediately.com,phishing
http://free-coupon-win-giftcard.com,phishing
http://limited-time-offer-claim-now.net,phishing
http://account-authentication-required-now.com,phishing
http://banking-verification-process-alert.xyz,phishing
http://important-account-update-required.com,phishing
http://security-warning-login-update.net,phishing
http://claim-your-prize-now-fast.com,phishing
http://verify-payment-information-now.co,phishing
http://your-account-has-been-locked-now.com,phishing
http://bank-secure-update-login-now.info,phishing
http://amazon.com.free-offer-alert.ru,phishing
http://facebook.com.security-check-alert.xyz,phishing
http://google.com.verify-user-login.net,phishing
http://paypal.secure-login-alert.com,phishing
http://172.16.0.1-update-info-security.com,phishing
http://10.0.0.1-verify-account-now.com,phishing
http://192.168.0.1-login-security.com,phishing
http://amazon-prime-renew-now-alert.com,phishing
http://github-login-verification-alert.com,phishing
http://twitter-security-update-check.com,phishing
http://youtube-verify-channel-now.com,phishing
http://flipkart-offer-free-gift-card.com,phishing
http://linkedin-account-warning-login.net,phishing
http://microsoft-support-update-alert.com,phishing
http://apple-id-confirmation-security.com,phishing
http://netflix-account-suspended-alert.com,phishing
http://confirm-your-bank-details-now.co,phishing
http://login-facebook-security-check.com,phishing
http://paypal-account-verification-alert.ru,phishing
http://update-your-password-now.xyz,phishing
http://free-gift-card-win-now.com,phishing
http://bankofindia-secure-login-update.info,phishing
http://instagram-account-verify-now.com,phishing
http://facebook-security-check-alert.com,phishing
http://amazon.verify-account-security.net,phishing
http://secure-paypal-login-update.com,phishing
http://google-login-support-alert.com,phishing
https://www.yahoo.com,safe
https://www.bing.com,safe
https://www.quora.com,safe
https://www.snapchat.com,safe
https://www.paypal.com,safe
https://www.netflix.com,safe
https://www.reddit.com,safe
https://www.wikipedia.org,safe
https://www.stackoverflow.com,safe
https://www.github.com,safe
https://www.apple.com,safe
https://www.microsoft.com,safe
https://www.flipkart.com,safe
https://www.amazon.in,safe
https://www.linkedin.com,safe
https://www.twitter.com,safe
https://www.instagram.com,safe
https://www.facebook.com,safe
https://www.youtube.com,safe
https://www.google.com,safe
youtube.com,safe
http///gauriiiiianusha---sharvari,phishing
madhura-567@.com,phishing
https://www.cisco.com,safe
https://www.oracle.com,safe
https://www.ibm.com,safe
https://archive.ics.uci.edu,safe
https://www.kaggle.com,safe
https://www.python.org,safe
https://developer.mozilla.org,safe
https://support.microsoft.com,safe
https://accounts.google.com,safe
https://mail.google.com,safe
http://bank-alert-update-your-details-now.com,phishing
http://secure-account-validation-process.xyz,phishing
http://suspicious-activity-detected-login-update.com,phishing
http://login-verification-needed-immediately.net,phishing
http://verify-your-identity-secure-update.com,phishing
http://account-activity-warning-check-now.xyz,phishing
http://confirm-email-address-now-update.com,phishing
http://banking-security-authentication-check.net,phishing
http://gift-card-redeem-now-alert.com,phishing
http://free-money-win-prize-now-fast.com,phishing
http://login-now-to-avoid-account-block.com,phishing
http://security-check-update-required-immediately.com,phishing
http://credit-card-verification-alert-now.com,phishing
http://verify-identity-update-process.net,phishing
http://account-suspended-click-here-now.com,phishing
http://urgent-login-verification-required.xyz,phishing
http://bank-details-confirmation-update.com,phishing
http://google-account-recovery-alert.net,phishing
http://paypal-alert-confirm-account-now.com,phishing
http://login-secure-check-now-update.com,phishing
http://secure-update-verification-process.com,phishing
http://customer-support-alert-login-update.net,phishing
http://password-reset-required-immediately.com,phishing
http://free-coupon-win-giftcard.com,phishing
http://limited-time-offer-claim-now.net,phishing
http://account-authentication-required-now.com,phishing
http://banking-verification-process-alert.xyz,phishing
http://important-account-update-required.com,phishing
http://security-warning-login-update.net,phishing
http://claim-your-prize-now-fast.com,phishing
http://verify-payment-information-now.co,phishing
http://your-account-has-been-locked-now.com,phishing
http://bank-secure-update-login-now.info,phishing
http://amazon.com.free-offer-alert.ru,phishing
http://facebook.com.security-check-alert.xyz,phishing
http://google.com.verify-user-login.net,phishing
http://paypal.secure-login-alert.com,phishing
http://172.16.0.1-update-info-security.com,phishing
http://10.0.0.1-verify-account-now.com,phishing
http://192.168.0.1-login-security.com,phishing
http://amazon-prime-renew-now-alert.com,phishing
http://github-login-verification-alert.com,phishing
http://twitter-security-update-check.com,phishing
http://youtube-verify-channel-now.com,phishing
http://flipkart-offer-free-gift-card.com,phishing
http://linkedin-account-warning-login.net,phishing
http://microsoft-support-update-alert.com,phishing
http://apple-id-confirmation-security.com,phishing
http://netflix-account-suspended-alert.com,phishing
http://confirm-your-bank-details-now.co,phishing
http://login-facebook-security-check.com,phishing
http://paypal-account-verification-alert.ru,phishing
http://update-your-password-now.xyz,phishing
http://free-gift-card-win-now.com,phishing
http://bankofindia-secure-login-update.info,phishing
http://instagram-account-verify-now.com,phishing
http://facebook-security-check-alert.com,phishing
http://amazon.verify-account-security.net,phishing
http://secure-paypal-login-update.com,phishing
http://google-login-support-alert.com,phishing
https://www.yahoo.com,safe
https://www.bing.com,safe
https://www.quora.com,safe
https://www.snapchat.com,safe
https://www.paypal.com,safe
https://www.netflix.com,safe
https://www.reddit.com,safe
https://www.wikipedia.org,safe
https://www.stackoverflow.com,safe
https://www.github.com,safe
https://www.apple.com,safe
https://www.microsoft.com,safe
https://www.flipkart.com,safe
https://www.amazon.in,safe
https://www.linkedin.com,safe
https://www.twitter.com,safe
https://www.instagram.com,safe
https://www.facebook.com,safe
https://www.youtube.com,safe
https://www.google.com,safe
http://paypal-account-verification-alert.ru,phishing
https://www.cisco.com,safe
https://www.oracle.com,safe
https://www.ibm.com,safe
https://archive.ics.uci.edu,safe
https://www.kaggle.com,safe
https://www.python.org,safe
https://developer.mozilla.org,safe
https://support.microsoft.com,safe
https://accounts.google.com,safe
https://mail.google.com,safe
http://bank-alert-update-your-details-now.com,phishing
http://secure-account-validation-process.xyz,phishing
http://suspicious-activity-detected-login-update.com,phishing
http://login-verification-needed-immediately.net,phishing
http://verify-your-identity-secure-update.com,phishing
http://account-activity-warning-check-now.xyz,phishing
http://confirm-email-address-now-update.com,phishing
http://banking-security-authentication-check.net,phishing
http://gift-card-redeem-now-alert.com,phishing
http://free-money-win-prize-now-fast.com,phishing
http://login-now-to-avoid-account-block.com,phishing
http://security-check-update-required-immediately.com,phishing
http://credit-card-verification-alert-now.com,phishing
http://verify-identity-update-process.net,phishing
http://account-suspended-click-here-now.com,phishing
http://urgent-login-verification-required.xyz,phishing
http://bank-details-confirmation-update.com,phishing
http://google-account-recovery-alert.net,phishing
http://paypal-alert-confirm-account-now.com,phishing
http://login-secure-check-now-update.com,phishing
http://secure-update-verification-process.com,phishing
http://customer-support-alert-login-update.net,phishing
http://password-reset-required-immediately.com,phishing
http://free-coupon-win-giftcard.com,phishing
http://limited-time-offer-claim-now.net,phishing
http://account-authentication-required-now.com,phishing
http://banking-verification-process-alert.xyz,phishing
http://important-account-update-required.com,phishing
http://security-warning-login-update.net,phishing
http://claim-your-prize-now-fast.com,phishing
http://verify-payment-information-now.co,phishing
http://your-account-has-been-locked-now.com,phishing
http://bank-secure-update-login-now.info,phishing
http://amazon.com.free-offer-alert.ru,phishing
http://facebook.com.security-check-alert.xyz,phishing
http://google.com.verify-user-login.net,phishing
http://paypal.secure-login-alert.com,phishing
http://172.16.0.1-update-info-security.com,phishing
http://10.0.0.1-verify-account-now.com,phishing
http://192.168.0.1-login-security.com,phishing
http://amazon-prime-renew-now-alert.com,phishing
http://github-login-verification-alert.com,phishing
http://twitter-security-update-check.com,phishing
http://youtube-verify-channel-now.com,phishing
http://flipkart-offer-free-gift-card.com,phishing
http://linkedin-account-warning-login.net,phishing
http://microsoft-support-update-alert.com,phishing
http://apple-id-confirmation-security.com,phishing
http://netflix-account-suspended-alert.com,phishing
http://confirm-your-bank-details-now.co,phishing
http://login-facebook-security-check.com,phishing
http://paypal-account-verification-alert.ru,phishing
http://update-your-password-now.xyz,phishing
http://free-gift-card-win-now.com,phishing
http://bankofindia-secure-login-update.info,phishing
http://instagram-account-verify-now.com,phishing
http://facebook-security-check-alert.com,phishing
http://amazon.verify-account-security.net,phishing
http://secure-paypal-login-update.com,phishing
http://google-login-support-alert.com,phishing
https://www.yahoo.com,safe
https://www.bing.com,safe
https://www.quora.com,safe
https://www.snapchat.com,safe
https://www.paypal.com,safe
https://www.netflix.com,safe
https://www.reddit.com,safe
https://www.wikipedia.org,safe
https://www.stackoverflow.com,safe
https://www.github.com,safe
https://www.apple.com,safe
https://www.microsoft.com,safe
https://www.flipkart.com,safe
https://www.amazon.in,safe
https://www.linkedin.com,safe
https://www.twitter.com,safe
https://www.instagram.com,safe
https://www.facebook.com,safe
https://www.youtube.com,safe
https://www.google.com,safe
https://www.cisco.com,safe
https://www.oracle.com,safe
https://www.ibm.com,safe
https://archive.ics.uci.edu,safe
https://www.kaggle.com,safe
https://www.python.org,safe
https://developer.mozilla.org,safe
https://support.microsoft.com,safe
https://accounts.google.com,safe
https://mail.google.com,safe
http://bank-alert-update-your-details-now.com,phishing
http://secure-account-validation-process.xyz,phishing
http://suspicious-activity-detected-login-update.com,phishing
http://login-verification-needed-immediately.net,phishing
http://verify-your-identity-secure-update.com,phishing
http://account-activity-warning-check-now.xyz,phishing
http://confirm-email-address-now-update.com,phishing
http://banking-security-authentication-check.net,phishing
http://gift-card-redeem-now-alert.com,phishing
http://free-money-win-prize-now-fast.com,phishing
http://login-now-to-avoid-account-block.com,phishing
http://security-check-update-required-immediately.com,phishing
http://credit-card-verification-alert-now.com,phishing
http://verify-identity-update-process.net,phishing
http://account-suspended-click-here-now.com,phishing
http://urgent-login-verification-required.xyz,phishing
http://bank-details-confirmation-update.com,phishing
http://google-account-recovery-alert.net,phishing
http://paypal-alert-confirm-account-now.com,phishing
http://login-secure-check-now-update.com,phishing
http://secure-update-verification-process.com,phishing
http://customer-support-alert-login-update.net,phishing
http://password-reset-required-immediately.com,phishing
http://free-coupon-win-giftcard.com,phishing
http://limited-time-offer-claim-now.net,phishing
http://account-authentication-required-now.com,phishing
http://banking-verification-process-alert.xyz,phishing
http://important-account-update-required.com,phishing
http://security-warning-login-update.net,phishing
http://claim-your-prize-now-fast.com,phishing
http://verify-payment-information-now.co,phishing
http://your-account-has-been-locked-now.com,phishing
http://bank-secure-update-login-now.info,phishing
http://amazon.com.free-offer-alert.ru,phishing
http://facebook.com.security-check-alert.xyz,phishing
http://google.com.verify-user-login.net,phishing
http://paypal.secure-login-alert.com,phishing
http://172.16.0.1-update-info-security.com,phishing
http://10.0.0.1-verify-account-now.com,phishing
http://192.168.0.1-login-security.com,phishing
http://amazon-prime-renew-now-alert.com,phishing
http://github-login-verification-alert.com,phishing
http://twitter-security-update-check.com,phishing
http://youtube-verify-channel-now.com,phishing
http://flipkart-offer-free-gift-card.com,phishing
http://linkedin-account-warning-login.net,phishing
http://microsoft-support-update-alert.com,phishing
http://apple-id-confirmation-security.com,phishing
http://netflix-account-suspended-alert.com,phishing
http://confirm-your-bank-details-now.co,phishing
http://login-facebook-security-check.com,phishing
http://paypal-account-verification-alert.ru,phishing
http://update-your-password-now.xyz,phishing
http://free-gift-card-win-now.com,phishing
http://bankofindia-secure-login-update.info,phishing
http://instagram-account-verify-now.com,phishing
http://facebook-security-check-alert.com,phishing
http://amazon.verify-account-security.net,phishing
http://secure-paypal-login-update.com,phishing
http://google-login-support-alert.com,phishing
https://www.yahoo.com,safe
https://www.bing.com,safe
https://www.quora.com,safe
https://www.snapchat.com,safe
https://www.paypal.com,safe
https://www.netflix.com,safe
https://www.reddit.com,safe
https://www.wikipedia.org,safe
https://www.stackoverflow.com,safe
https://www.github.com,safe
https://www.apple.com,safe
https://www.microsoft.com,safe
https://www.flipkart.com,safe
https://www.amazon.in,safe
https://www.linkedin.com,safe
https://www.twitter.com,safe
https://www.instagram.com,safe
https://www.facebook.com,safe
https://www.youtube.com,safe
https://www.google.com,safe
https://www.cisco.com,safe
https://www.oracle.com,safe
https://www.ibm.com,safe
https://archive.ics.uci.edu,safe
https://www.kaggle.com,safe
https://www.python.org,safe
https://developer.mozilla.org,safe
https://support.microsoft.com,safe
https://accounts.google.com,safe
https://mail.google.com,safe
http://bank-alert-update-your-details-now.com,phishing
http://secure-account-validation-process.xyz,phishing
http://suspicious-activity-detected-login-update.com,phishing
http://login-verification-needed-immediately.net,phishing
http://verify-your-identity-secure-update.com,phishing
http://account-activity-warning-check-now.xyz,phishing
http://confirm-email-address-now-update.com,phishing
http://banking-security-authentication-check.net,phishing
http://gift-card-redeem-now-alert.com,phishing
http://free-money-win-prize-now-fast.com,phishing
http://login-now-to-avoid-account-block.com,phishing
http://security-check-update-required-immediately.com,phishing
http://credit-card-verification-alert-now.com,phishing
http://verify-identity-update-process.net,phishing
http://account-suspended-click-here-now.com,phishing
http://urgent-login-verification-required.xyz,phishing
http://bank-details-confirmation-update.com,phishing
http://google-account-recovery-alert.net,phishing
http://paypal-alert-confirm-account-now.com,phishing
http://login-secure-check-now-update.com,phishing
http://secure-update-verification-process.com,phishing
http://customer-support-alert-login-update.net,phishing
http://password-reset-required-immediately.com,phishing
http://free-coupon-win-giftcard.com,phishing
http://limited-time-offer-claim-now.net,phishing
http://account-authentication-required-now.com,phishing
http://banking-verification-process-alert.xyz,phishing
http://important-account-update-required.com,phishing
http://security-warning-login-update.net,phishing
http://claim-your-prize-now-fast.com,phishing
http://verify-payment-information-now.co,phishing
http://your-account-has-been-locked-now.com,phishing
http://bank-secure-update-login-now.info,phishing
http://amazon.com.free-offer-alert.ru,phishing
http://facebook.com.security-check-alert.xyz,phishing
http://google.com.verify-user-login.net,phishing
http://paypal.secure-login-alert.com,phishing
http://172.16.0.1-update-info-security.com,phishing
http://10.0.0.1-verify-account-now.com,phishing
http://192.168.0.1-login-security.com,phishing
http://amazon-prime-renew-now-alert.com,phishing
http://github-login-verification-alert.com,phishing
http://twitter-security-update-check.com,phishing
http://youtube-verify-channel-now.com,phishing
http://flipkart-offer-free-gift-card.com,phishing
http://linkedin-account-warning-login.net,phishing
http://microsoft-support-update-alert.com,phishing
http://apple-id-confirmation-security.com,phishing
http://netflix-account-suspended-alert.com,phishing
http://confirm-your-bank-details-now.co,phishing
http://login-facebook-security-check.com,phishing
http://paypal-account-verification-alert.ru,phishing
http://update-your-password-now.xyz,phishing
http://free-gift-card-win-now.com,phishing
http://bankofindia-secure-login-update.info,phishing
http://instagram-account-verify-now.com,phishing
http://facebook-security-check-alert.com,phishing
http://amazon.verify-account-security.net,phishing
http://secure-paypal-login-update.com,phishing
http://google-login-support-alert.com,phishing
https://www.yahoo.com,safe
https://www.bing.com,safe
https://www.quora.com,safe
https://www.snapchat.com,safe
https://www.paypal.com,safe
https://www.netflix.com,safe
https://www.reddit.com,safe
https://www.wikipedia.org,safe
https://www.stackoverflow.com,safe
https://www.github.com,safe
https://www.apple.com,safe
https://www.microsoft.com,safe
https://www.flipkart.com,safe
https://www.amazon.in,safe
https://www.linkedin.com,safe
https://www.twitter.com,safe
https://www.instagram.com,safe
https://www.facebook.com,safe
https://www.youtube.com,safe
https://www.google.com,safe
https://www.cisco.com,safe
https://www.oracle.com,safe
https://www.ibm.com,safe
https://archive.ics.uci.edu,safe
https://www.kaggle.com,safe
https://www.python.org,safe
https://developer.mozilla.org,safe
https://support.microsoft.com,safe
https://accounts.google.com,safe
https://mail.google.com,safe
http://bank-alert-update-your-details-now.com,phishing
http://secure-account-validation-process.xyz,phishing
http://suspicious-activity-detected-login-update.com,phishing
http://login-verification-needed-immediately.net,phishing
http://verify-your-identity-secure-update.com,phishing
http://account-activity-warning-check-now.xyz,phishing
http://confirm-email-address-now-update.com,phishing
http://banking-security-authentication-check.net,phishing
http://gift-card-redeem-now-alert.com,phishing
http://free-money-win-prize-now-fast.com,phishing
http://login-now-to-avoid-account-block.com,phishing
http://security-check-update-required-immediately.com,phishing
http://credit-card-verification-alert-now.com,phishing
http://verify-identity-update-process.net,phishing
http://account-suspended-click-here-now.com,phishing
http://urgent-login-verification-required.xyz,phishing
http://bank-details-confirmation-update.com,phishing
http://google-account-recovery-alert.net,phishing
http://paypal-alert-confirm-account-now.com,phishing
http://login-secure-check-now-update.com,phishing
http://secure-update-verification-process.com,phishing
http://customer-support-alert-login-update.net,phishing
http://password-reset-required-immediately.com,phishing
http://free-coupon-win-giftcard.com,phishing
http://limited-time-offer-claim-now.net,phishing
http://account-authentication-required-now.com,phishing
http://banking-verification-process-alert.xyz,phishing
http://important-account-update-required.com,phishing
http://security-warning-login-update.net,phishing
http://claim-your-prize-now-fast.com,phishing
http://verify-payment-information-now.co,phishing
http://your-account-has-been-locked-now.com,phishing
http://bank-secure-update-login-now.info,phishing
http://amazon.com.free-offer-alert.ru,phishing
http://facebook.com.security-check-alert.xyz,phishing
http://google.com.verify-user-login.net,phishing
http://paypal.secure-login-alert.com,phishing
http://172.16.0.1-update-info-security.com,phishing
http://10.0.0.1-verify-account-now.com,phishing
http://192.168.0.1-login-security.com,phishing
http://amazon-prime-renew-now-alert.com,phishing
http://github-login-verification-alert.com,phishing
http://twitter-security-update-check.com,phishing
http://youtube-verify-channel-now.com,phishing
http://flipkart-offer-free-gift-card.com,phishing
http://linkedin-account-warning-login.net,phishing
http://microsoft-support-update-alert.com,phishing
http://apple-id-confirmation-security.com,phishing
http://netflix-account-suspended-alert.com,phishing
http://confirm-your-bank-details-now.co,phishing
http://login-facebook-security-check.com,phishing
http://paypal-account-verification-alert.ru,phishing
http://update-your-password-now.xyz,phishing
http://free-gift-card-win-now.com,phishing
http://bankofindia-secure-login-update.info,phishing
http://instagram-account-verify-now.com,phishing
http://facebook-security-check-alert.com,phishing
http://amazon.verify-account-security.net,phishing
http://secure-paypal-login-update.com,phishing
http://google-login-support-alert.com,phishing
https://www.yahoo.com,safe
https://www.bing.com,safe
https://www.quora.com,safe
https://www.snapchat.com,safe
https://www.paypal.com,safe
https://www.netflix.com,safe
https://www.reddit.com,safe
https://www.wikipedia.org,safe
https://www.stackoverflow.com,safe
https://www.github.com,safe
https://www.apple.com,safe
https://www.microsoft.com,safe
https://www.flipkart.com,safe
https://www.amazon.in,safe
https://www.linkedin.com,safe
https://www.twitter.com,safe
https://www.instagram.com,safe
https://www.facebook.com,safe
https://www.youtube.com,safe
https://www.google.com,safe
https://www.cisco.com,safe
https://www.oracle.com,safe
https://www.ibm.com,safe
https://archive.ics.uci.edu,safe
https://www.kaggle.com,safe
https://www.python.org,safe
https://developer.mozilla.org,safe
https://support.microsoft.com,safe
https://accounts.google.com,safe
https://mail.google.com,safe
http://bank-alert-update-your-details-now.com,phishing
http://secure-account-validation-process.xyz,phishing
http://suspicious-activity-detected-login-update.com,phishing
http://login-verification-needed-immediately.net,phishing
http://verify-your-identity-secure-update.com,phishing
http://account-activity-warning-check-now.xyz,phishing
http://confirm-email-address-now-update.com,phishing
http://banking-security-authentication-check.net,phishing
http://gift-card-redeem-now-alert.com,phishing
http://free-money-win-prize-now-fast.com,phishing
http://login-now-to-avoid-account-block.com,phishing
http://security-check-update-required-immediately.com,phishing
http://credit-card-verification-alert-now.com,phishing
http://verify-identity-update-process.net,phishing
http://account-suspended-click-here-now.com,phishing
http://urgent-login-verification-required.xyz,phishing
http://bank-details-confirmation-update.com,phishing
http://google-account-recovery-alert.net,phishing
http://paypal-alert-confirm-account-now.com,phishing
http://login-secure-check-now-update.com,phishing
http://secure-update-verification-process.com,phishing
http://customer-support-alert-login-update.net,phishing
http://password-reset-required-immediately.com,phishing
http://free-coupon-win-giftcard.com,phishing
http://limited-time-offer-claim-now.net,phishing
http://account-authentication-required-now.com,phishing
http://banking-verification-process-alert.xyz,phishing
http://important-account-update-required.com,phishing
http://security-warning-login-update.net,phishing
http://claim-your-prize-now-fast.com,phishing
http://verify-payment-information-now.co,phishing
http://your-account-has-been-locked-now.com,phishing
http://bank-secure-update-login-now.info,phishing
http://amazon.com.free-offer-alert.ru,phishing
http://facebook.com.security-check-alert.xyz,phishing
http://google.com.verify-user-login.net,phishing
http://paypal.secure-login-alert.com,phishing
http://172.16.0.1-update-info-security.com,phishing
http://10.0.0.1-verify-account-now.com,phishing
http://192.168.0.1-login-security.com,phishing
http://amazon-prime-renew-now-alert.com,phishing
http://github-login-verification-alert.com,phishing
http://twitter-security-update-check.com,phishing
http://youtube-verify-channel-now.com,phishing
http://flipkart-offer-free-gift-card.com,phishing
http://linkedin-account-warning-login.net,phishing
http://microsoft-support-update-alert.com,phishing
http://apple-id-confirmation-security.com,phishing
http://netflix-account-suspended-alert.com,phishing
http://confirm-your-bank-details-now.co,phishing
http://login-facebook-security-check.com,phishing
http://paypal-account-verification-alert.ru,phishing
http://update-your-password-now.xyz,phishing
http://free-gift-card-win-now.com,phishing
http://bankofindia-secure-login-update.info,phishing
http://instagram-account-verify-now.com,phishing
http://facebook-security-check-alert.com,phishing
http://amazon.verify-account-security.net,phishing
http://secure-paypal-login-update.com,phishing
http://google-login-support-alert.com,phishing
https://www.yahoo.com,safe
https://www.bing.com,safe
https://www.quora.com,safe
https://www.snapchat.com,safe
https://www.paypal.com,safe
https://www.netflix.com,safe
https://www.reddit.com,safe
https://www.wikipedia.org,safe
https://www.stackoverflow.com,safe
https://www.github.com,safe
https://www.apple.com,safe
https://www.microsoft.com,safe
https://www.flipkart.com,safe
https://www.amazon.in,safe
https://www.linkedin.com,safe
https://www.twitter.com,safe
https://www.instagram.com,safe
https://www.facebook.com,safe
https://www.youtube.com,safe
https://www.google.com,safe
https://www.cisco.com,safe
https://www.oracle.com,safe
https://www.ibm.com,safe
https://archive.ics.uci.edu,safe
https://www.kaggle.com,safe
https://www.python.org,safe
https://developer.mozilla.org,safe
https://support.microsoft.com,safe
https://accounts.google.com,safe
https://mail.google.com,safe
http://bank-alert-update-your-details-now.com,phishing
http://secure-account-validation-process.xyz,phishing
http://suspicious-activity-detected-login-update.com,phishing
http://login-verification-needed-immediately.net,phishing
http://verify-your-identity-secure-update.com,phishing
http://account-activity-warning-check-now.xyz,phishing
http://confirm-email-address-now-update.com,phishing
http://banking-security-authentication-check.net,phishing
http://gift-card-redeem-now-alert.com,phishing
http://free-money-win-prize-now-fast.com,phishing
http://login-now-to-avoid-account-block.com,phishing
http://security-check-update-required-immediately.com,phishing
http://credit-card-verification-alert-now.com,phishing
http://verify-identity-update-process.net,phishing
http://account-suspended-click-here-now.com,phishing
http://urgent-login-verification-required.xyz,phishing
http://bank-details-confirmation-update.com,phishing
http://google-account-recovery-alert.net,phishing
http://paypal-alert-confirm-account-now.com,phishing
http://login-secure-check-now-update.com,phishing
http://secure-update-verification-process.com,phishing
http://customer-support-alert-login-update.net,phishing
http://password-reset-required-immediately.com,phishing
http://free-coupon-win-giftcard.com,phishing
http://limited-time-offer-claim-now.net,phishing
http://account-authentication-required-now.com,phishing
http://banking-verification-process-alert.xyz,phishing
http://important-account-update-required.com,phishing
http://security-warning-login-update.net,phishing
http://claim-your-prize-now-fast.com,phishing
http://verify-payment-information-now.co,phishing
http://your-account-has-been-locked-now.com,phishing
http://bank-secure-update-login-now.info,phishing
http://amazon.com.free-offer-alert.ru,phishing
http://facebook.com.security-check-alert.xyz,phishing
http://google.com.verify-user-login.net,phishing
http://paypal.secure-login-alert.com,phishing
http://172.16.0.1-update-info-security.com,phishing
http://10.0.0.1-verify-account-now.com,phishing
http://192.168.0.1-login-security.com,phishing
http://amazon-prime-renew-now-alert.com,phishing
http://github-login-verification-alert.com,phishing
http://twitter-security-update-check.com,phishing
http://youtube-verify-channel-now.com,phishing
http://flipkart-offer-free-gift-card.com,phishing
http://linkedin-account-warning-login.net,phishing
http://microsoft-support-update-alert.com,phishing
http://apple-id-confirmation-security.com,phishing
http://netflix-account-suspended-alert.com,phishing
http://confirm-your-bank-details-now.co,phishing
http://login-facebook-security-check.com,phishing
http://paypal-account-verification-alert.ru,phishing
http://update-your-password-now.xyz,phishing
http://free-gift-card-win-now.com,phishing
http://bankofindia-secure-login-update.info,phishing
http://instagram-account-verify-now.com,phishing
http://facebook-security-check-alert.com,phishing
http://amazon.verify-account-security.net,phishing
http://secure-paypal-login-update.com,phishing
http://google-login-support-alert.com,phishing
https://www.yahoo.com,safe
https://www.bing.com,safe
https://www.quora.com,safe
https://www.snapchat.com,safe
https://www.paypal.com,safe
https://www.netflix.com,safe
https://www.reddit.com,safe
https://www.wikipedia.org,safe
https://www.stackoverflow.com,safe
https://www.github.com,safe
https://www.apple.com,safe
https://www.microsoft.com,safe
https://www.flipkart.com,safe
https://www.amazon.in,safe
https://www.linkedin.com,safe
https://www.twitter.com,safe
https://www.instagram.com,safe
https://www.facebook.com,safe
https://www.youtube.com,safe
https://www.google.com,safe
https://www.cisco.com,safe
https://www.oracle.com,safe
https://www.ibm.com,safe
https://archive.ics.uci.edu,safe
https://www.kaggle.com,safe
https://www.python.org,safe
https://developer.mozilla.org,safe
https://support.microsoft.com,safe
https://accounts.google.com,safe
https://mail.google.com,safe
http://bank-alert-update-your-details-now.com,phishing
http://secure-account-validation-process.xyz,phishing
http://suspicious-activity-detected-login-update.com,phishing
http://login-verification-needed-immediately.net,phishing
http://verify-your-identity-secure-update.com,phishing
http://account-activity-warning-check-now.xyz,phishing
http://confirm-email-address-now-update.com,phishing
http://banking-security-authentication-check.net,phishing
http://gift-card-redeem-now-alert.com,phishing
http://free-money-win-prize-now-fast.com,phishing
http://login-now-to-avoid-account-block.com,phishing
http://security-check-update-required-immediately.com,phishing
http://credit-card-verification-alert-now.com,phishing
http://verify-identity-update-process.net,phishing
http://account-suspended-click-here-now.com,phishing
http://urgent-login-verification-required.xyz,phishing
http://bank-details-confirmation-update.com,phishing
http://google-account-recovery-alert.net,phishing
http://paypal-alert-confirm-account-now.com,phishing
http://login-secure-check-now-update.com,phishing
http://secure-update-verification-process.com,phishing
http://customer-support-alert-login-update.net,phishing
http://password-reset-required-immediately.com,phishing
http://free-coupon-win-giftcard.com,phishing
http://limited-time-offer-claim-now.net,phishing
http://account-authentication-required-now.com,phishing
http://banking-verification-process-alert.xyz,phishing
http://important-account-update-required.com,phishing
http://security-warning-login-update.net,phishing
http://claim-your-prize-now-fast.com,phishing
http://verify-payment-information-now.co,phishing
http://your-account-has-been-locked-now.com,phishing
http://bank-secure-update-login-now.info,phishing
http://amazon.com.free-offer-alert.ru,phishing
http://facebook.com.security-check-alert.xyz,phishing
http://google.com.verify-user-login.net,phishing
http://paypal.secure-login-alert.com,phishing
http://172.16.0.1-update-info-security.com,phishing
http://10.0.0.1-verify-account-now.com,phishing
http://192.168.0.1-login-security.com,phishing
http://amazon-prime-renew-now-alert.com,phishing
http://github-login-verification-alert.com,phishing
http://twitter-security-update-check.com,phishing
http://youtube-verify-channel-now.com,phishing
http://flipkart-offer-free-gift-card.com,phishing
http://linkedin-account-warning-login.net,phishing
http://microsoft-support-update-alert.com,phishing
http://apple-id-confirmation-security.com,phishing
http://netflix-account-suspended-alert.com,phishing
http://confirm-your-bank-details-now.co,phishing
http://login-facebook-security-check.com,phishing
http://paypal-account-verification-alert.ru,phishing
http://update-your-password-now.xyz,phishing
http://free-gift-card-win-now.com,phishing
http://bankofindia-secure-login-update.info,phishing
http://instagram-account-verify-now.com,phishing
http://facebook-security-check-alert.com,phishing
http://amazon.verify-account-security.net,phishing
http://secure-paypal-login-update.com,phishing
http://google-login-support-alert.com,phishing
https://www.yahoo.com,safe
https://www.bing.com,safe
https://www.quora.com,safe
https://www.snapchat.com,safe
https://www.paypal.com,safe
https://www.netflix.com,safe
https://www.reddit.com,safe
https://www.wikipedia.org,safe
https://www.stackoverflow.com,safe
https://www.github.com,safe
https://www.apple.com,safe
https://www.microsoft.com,safe
https://www.flipkart.com,safe
https://www.amazon.in,safe
https://www.linkedin.com,safe
https://www.twitter.com,safe
https://www.instagram.com,safe
https://www.facebook.com,safe
https://www.youtube.com,safe
https://www.google.com,safe
https://www.cisco.com,safe
https://www.oracle.com,safe
https://www.ibm.com,safe
https://archive.ics.uci.edu,safe
https://www.kaggle.com,safe
https://www.python.org,safe
https://developer.mozilla.org,safe
https://support.microsoft.com,safe
https://accounts.google.com,safe
https://mail.google.com,safe
http://bank-alert-update-your-details-now.com,phishing
http://secure-account-validation-process.xyz,phishing
http://suspicious-activity-detected-login-update.com,phishing
http://login-verification-needed-immediately.net,phishing
http://verify-your-identity-secure-update.com,phishing
http://account-activity-warning-check-now.xyz,phishing
http://confirm-email-address-now-update.com,phishing
http://banking-security-authentication-check.net,phishing
http://gift-card-redeem-now-alert.com,phishing
http://free-money-win-prize-now-fast.com,phishing
http://login-now-to-avoid-account-block.com,phishing
http://security-check-update-required-immediately.com,phishing
http://credit-card-verification-alert-now.com,phishing
http://verify-identity-update-process.net,phishing
http://account-suspended-click-here-now.com,phishing
http://urgent-login-verification-required.xyz,phishing
http://bank-details-confirmation-update.com,phishing
http://google-account-recovery-alert.net,phishing
http://paypal-alert-confirm-account-now.com,phishing
http://login-secure-check-now-update.com,phishing
http://secure-update-verification-process.com,phishing
http://customer-support-alert-login-update.net,phishing
http://password-reset-required-immediately.com,phishing
http://free-coupon-win-giftcard.com,phishing
http://limited-time-offer-claim-now.net,phishing
http://account-authentication-required-now.com,phishing
http://banking-verification-process-alert.xyz,phishing
http://important-account-update-required.com,phishing
http://security-warning-login-update.net,phishing
http://claim-your-prize-now-fast.com,phishing
http://verify-payment-information-now.co,phishing
http://your-account-has-been-locked-now.com,phishing
http://bank-secure-update-login-now.info,phishing
http://amazon.com.free-offer-alert.ru,phishing
http://facebook.com.security-check-alert.xyz,phishing
http://google.com.verify-user-login.net,phishing
http://paypal.secure-login-alert.com,phishing
http://172.16.0.1-update-info-security.com,phishing
http://10.0.0.1-verify-account-now.com,phishing
http://192.168.0.1-login-security.com,phishing
http://amazon-prime-renew-now-alert.com,phishing
http://github-login-verification-alert.com,phishing
http://twitter-security-update-check.com,phishing
http://youtube-verify-channel-now.com,phishing
http://flipkart-offer-free-gift-card.com,phishing
http://linkedin-account-warning-login.net,phishing
http://microsoft-support-update-alert.com,phishing
http://apple-id-confirmation-security.com,phishing
http://netflix-account-suspended-alert.com,phishing
http://confirm-your-bank-details-now.co,phishing
http://login-facebook-security-check.com,phishing
http://paypal-account-verification-alert.ru,phishing
http://update-your-password-now.xyz,phishing
http://free-gift-card-win-now.com,phishing
http://bankofindia-secure-login-update.info,phishing
http://instagram-account-verify-now.com,phishing
http://facebook-security-check-alert.com,phishing
http://amazon.verify-account-security.net,phishing
http://secure-paypal-login-update.com,phishing
http://google-login-support-alert.com,phishing
https://www.yahoo.com,safe
https://www.bing.com,safe
https://www.quora.com,safe
https://www.snapchat.com,safe
https://www.paypal.com,safe
https://www.netflix.com,safe
https://www.reddit.com,safe
https://www.wikipedia.org,safe
https://www.stackoverflow.com,safe
https://www.github.com,safe
https://www.apple.com,safe
https://www.microsoft.com,safe
https://www.flipkart.com,safe
https://www.amazon.in,safe
https://www.linkedin.com,safe
https://www.twitter.com,safe
https://www.instagram.com,safe
https://www.facebook.com,safe
https://www.youtube.com,safe
https://www.google.com,safe
https://youtube.com/shorts/EPZ9vtUz2WA?si=MD_0J5jFflUAtJn0,safe
https://www.microsoft.com,safe
https://www.github.com,safe
http://192.168.0.1/confirm,phishing
http://example.com/login.php@malicious.com,phishing
https://www.google.com,safe
http asvdwiyagfdhafcbaijda,safe
https://youtube.com/shorts/bwmwThIltN4?si=AKFcJuRgxk346V2K,safe
https://youtube.com/shorts/EPZ9vtUz2WA?si=MD_0J5jFflUAtJn0,safe
http/cgvjhgsdhsdbvJDB,phishing
https://youtube.com/shorts/EPZ9vtUz2WA?si=MD_0J5jFflUAtJn0,phishing
